"id","stratum","caption","area"
19,1,"Stratum 1",333333.333333333
20,2,"Stratum 2",333333.333333333
21,3,"Stratum 3",333333.333333333
